dataset,embedder,chunking,cap,search,k,qa,questions,successful_questions,errors,scored_questions,exact_match,f1,confidence_passes,mean_input_tokens,mean_packed_chunks,retrieved_doc_precision,retrieved_doc_precision_n,retrieved_doc_recall,retrieved_doc_recall_n,retrieved_doc_f1,retrieved_doc_f1_n,retrieved_sent_precision,retrieved_sent_precision_n,retrieved_sent_recall,retrieved_sent_recall_n,retrieved_sent_f1,retrieved_sent_f1_n,window_doc_precision,window_doc_precision_n,window_doc_recall,window_doc_recall_n,window_doc_f1,window_doc_f1_n,window_sent_precision,window_sent_precision_n,window_sent_recall,window_sent_recall_n,window_sent_f1,window_sent_f1_n,build_total_s_mean,build_amortized_s_mean,retrieval_s_mean,packing_s_mean,qa_s_mean,reader_stage_s_mean,pipeline_stage_sum_s_mean,pipeline_stage_sum_s_p95
hotpot,none,none,,beginning,,deepset/tinyroberta-squad2,100,100,0,100,0.16,0.2186160990712074,3,511.99,4.55,0.2,100,1.0,100,0.3333333333333332,100,0.0603371472291545,100,1.0,100,0.1130144342188788,100,0.1856468253968254,100,0.435,100,0.255034632034632,100,0.061939532217009,100,0.3908333333333333,100,0.1055446092435256,100,0.0,0.0,0.0,0.1807204970500006,0.4358919929100003,0.6185139208899989,0.6185139208899989,0.962200027900036
qasper,none,none,,beginning,,deepset/tinyroberta-squad2,57,57,0,57,0.087719298245614,0.0935672514619883,54,485.6315789473685,3.684210526315789,0.0254924787224114,36,1.0,36,0.0486955544463058,36,0.0318843621884188,36,1.0,36,0.0608694754881336,36,0.052579365079365,36,0.1666666666666666,36,0.0756172839506172,36,0.0662037037037037,36,0.1722222222222222,36,0.0906740897718101,36,0.0,0.0,0.0,0.1535202654210535,0.364031926403504,0.5193725086666652,0.5193725086666652,0.7979082386000071
hotpot,sentence-transformers/all-MiniLM-L6-v2,recursive,128.0,single_pass,3.0,deepset/tinyroberta-squad2,100,100,0,100,0.27,0.3115551350010886,33,281.42,3.0,0.47,100,0.665,100,0.548,100,0.2177144799644799,100,0.64,100,0.3125017009134656,100,0.47,100,0.665,100,0.548,100,0.2177144799644799,100,0.64,100,0.3125017009134656,100,0.6063781533699983,0.6063781533699983,0.040581218100001,0.0054476836900005,0.2222442653300004,0.2289473415399999,0.2695285596400009,0.3810444991499878
hotpot,sentence-transformers/all-MiniLM-L6-v2,recursive,128.0,single_pass,10.0,deepset/tinyroberta-squad2,100,100,0,100,0.28,0.3176515279340082,16,511.96,5.95,0.2204325396825396,100,0.94,100,0.3564141414141414,100,0.0817341202172427,100,0.9116666666666668,100,0.1490423976747207,100,0.3221944444444444,100,0.855,100,0.4642489177489177,100,0.1401799805371786,100,0.81,100,0.2352482899946555,100,0.6063781533699983,0.6063781533699983,0.0296440703099966,0.1110908755800045,0.370099090870001,0.4827290936699944,0.5123731639799911,0.6753695543500952
hotpot,sentence-transformers/all-MiniLM-L6-v2,recursive,128.0,two_hop,3.0,deepset/tinyroberta-squad2,100,100,0,100,0.29,0.3429925747626985,28,294.21,3.0,0.5016666666666666,100,0.71,100,0.585,100,0.2126090021090021,100,0.6858333333333333,100,0.3166324639412874,100,0.5016666666666666,100,0.71,100,0.585,100,0.2126090021090021,100,0.6858333333333333,100,0.3166324639412874,100,0.6063781533699983,0.6063781533699983,0.0811855312500023,0.0053900213599985,0.2334222543700014,0.2401304314899994,0.3213159627400017,0.4760333058500066
hotpot,sentence-transformers/all-MiniLM-L6-v2,recursive,128.0,two_hop,10.0,deepset/tinyroberta-squad2,100,100,0,100,0.3,0.3627419642857143,18,511.95,5.84,0.2235079365079365,100,0.95,100,0.3612121212121212,100,0.0814502783027386,100,0.9183333333333332,100,0.1485581170044231,100,0.3123849206349206,100,0.82,100,0.4489235209235209,100,0.1334975752661511,100,0.7941666666666667,100,0.225540880642368,100,0.6063781533699983,0.6063781533699983,0.0746981357199962,0.1142480590900061,0.3768913826800042,0.4928124173700007,0.567510553089997,0.7220370630000275
qasper,sentence-transformers/all-MiniLM-L6-v2,recursive,128.0,single_pass,3.0,deepset/tinyroberta-squad2,57,57,0,57,0.1052631578947368,0.1557113164465183,35,218.50877192982452,2.8421052631578947,0.1388888888888889,36,0.3541666666666667,36,0.194047619047619,36,0.1663690476190476,36,0.2553350970017636,36,0.1901694574488692,36,0.1388888888888889,36,0.3541666666666667,36,0.194047619047619,36,0.1663690476190476,36,0.2553350970017636,36,0.1901694574488692,36,2.7802917818596486,1.0343022070526322,0.0425865867543912,0.0054579790000006,0.2010979564035029,0.2078430610526335,0.2504296478070247,0.5157355415999745
qasper,sentence-transformers/all-MiniLM-L6-v2,recursive,128.0,single_pass,10.0,deepset/tinyroberta-squad2,57,57,0,57,0.1052631578947368,0.1186299081035923,44,484.0175438596491,6.754385964912281,0.0776565255731922,36,0.5833333333333334,36,0.1343987802321135,36,0.0896198422757937,36,0.4266534391534391,36,0.1432509910826257,36,0.0978174603174603,36,0.4861111111111111,36,0.1562169312169312,36,0.1137826839387726,36,0.3148258377425044,36,0.1574091267026049,36,2.7802917818596486,1.0343022070526322,0.0400035243333289,0.1636307244736874,0.3850550076315777,0.5509687833333302,0.5909723076666591,0.9619186141999309
qasper,sentence-transformers/all-MiniLM-L6-v2,recursive,128.0,two_hop,3.0,deepset/tinyroberta-squad2,57,57,0,57,0.1052631578947368,0.1768336152033199,39,240.6315789473684,2.8421052631578947,0.162037037037037,36,0.3472222222222222,36,0.2046296296296296,36,0.169424942341609,36,0.2427579365079365,36,0.1856349926589864,36,0.162037037037037,36,0.3472222222222222,36,0.2046296296296296,36,0.169424942341609,36,0.2427579365079365,36,0.1856349926589864,36,2.7802917818596486,1.0343022070526322,0.0980369527192932,0.0055250868947516,0.2123605815613939,0.2193686194736863,0.3174055721929796,0.598323970000001
qasper,sentence-transformers/all-MiniLM-L6-v2,recursive,128.0,two_hop,10.0,deepset/tinyroberta-squad2,57,57,0,57,0.1052631578947368,0.131851367549308,49,484.89473684210526,6.157894736842105,0.073015873015873,36,0.5277777777777778,36,0.1256485798152465,36,0.0845940108271442,36,0.4046296296296296,36,0.135577307558122,36,0.1038359788359788,36,0.4861111111111111,36,0.1617063492063492,36,0.122145905588888,36,0.3356812169312169,36,0.1686997230240247,36,2.7802917818596486,1.0343022070526322,0.0960525850526263,0.1477316202280686,0.3737879161929856,0.5237628081403484,0.6198153931929747,0.8457629441999754
hotpot,sentence-transformers/all-MiniLM-L6-v2,semantic,128.0,single_pass,3.0,deepset/tinyroberta-squad2,100,100,0,100,0.24,0.3007961525189786,35,218.83,3.0,0.5016666666666666,100,0.65,100,0.5596666666666666,100,0.2529332611832611,100,0.5731666666666666,100,0.3408306138306138,100,0.5016666666666666,100,0.65,100,0.5596666666666666,100,0.2529332611832611,100,0.5731666666666666,100,0.3408306138306138,100,1.4112391494300027,1.4112391494300027,0.0358299685000019,0.0053079365900168,0.2042343181300032,0.2108331457700001,0.2466631142700021,0.3880500366000944
hotpot,sentence-transformers/all-MiniLM-L6-v2,semantic,128.0,single_pass,10.0,deepset/tinyroberta-squad2,100,100,0,100,0.26,0.2962718101733447,16,507.76,7.86,0.2445912698412698,100,0.895,100,0.3830779220779221,100,0.1053231687405936,100,0.8525,100,0.1857177929391414,100,0.2878412698412698,100,0.86,100,0.4275851370851371,100,0.1368821827467338,100,0.7858333333333333,100,0.2289146609324628,100,1.4112391494300027,1.4112391494300027,0.0292066699199949,0.1010057440200012,0.4200932352900179,0.5231509950699911,0.552357664989986,0.8037272588499943
hotpot,sentence-transformers/all-MiniLM-L6-v2,semantic,128.0,two_hop,3.0,deepset/tinyroberta-squad2,100,100,0,100,0.25,0.3222106374807987,31,223.19,3.0,0.54,100,0.665,100,0.5886666666666667,100,0.262329365079365,100,0.5956666666666667,100,0.3554000999000999,100,0.54,100,0.665,100,0.5886666666666667,100,0.262329365079365,100,0.5956666666666667,100,0.3554000999000999,100,1.4112391494300027,1.4112391494300027,0.0728302353000015,0.0051304967699957,0.2045748172800017,0.2109660701899974,0.283796305489999,0.4403947058501216
hotpot,sentence-transformers/all-MiniLM-L6-v2,semantic,128.0,two_hop,10.0,deepset/tinyroberta-squad2,100,100,0,100,0.27,0.2965237267822821,16,507.45,7.89,0.2550436507936508,100,0.92,100,0.3981017316017315,100,0.106702005764015,100,0.8766666666666667,100,0.1885581103751209,100,0.2968373015873016,100,0.88,100,0.440018759018759,100,0.1413707774423718,100,0.8183333333333332,100,0.2374161137280332,100,1.4112391494300027,1.4112391494300027,0.0667192990700039,0.1050564742799929,0.4250816411100027,0.5319901691699761,0.59870946823998,0.948337021399891
qasper,sentence-transformers/all-MiniLM-L6-v2,semantic,128.0,single_pass,3.0,deepset/tinyroberta-squad2,57,57,0,57,0.1052631578947368,0.1496797549429128,38,154.66666666666666,2.8421052631578947,0.1388888888888889,36,0.3541666666666667,36,0.194047619047619,36,0.160405643738977,36,0.1746693121693121,36,0.1565659426967743,36,0.1388888888888889,36,0.3541666666666667,36,0.194047619047619,36,0.160405643738977,36,0.1746693121693121,36,0.1565659426967743,36,5.698411438964926,1.9100977829649135,0.0313816028421027,0.0041040805438553,0.128818258210522,0.1342233509298311,0.1656049537719338,0.2777996939999864
qasper,sentence-transformers/all-MiniLM-L6-v2,semantic,128.0,single_pass,10.0,deepset/tinyroberta-squad2,57,57,0,57,0.1228070175438596,0.1376993207656823,43,472.1754385964912,8.473684210526315,0.0860119047619047,36,0.6111111111111112,36,0.1475869809203142,36,0.0970600371184231,36,0.3407186948853615,36,0.1460530825832988,36,0.0965167548500881,36,0.5833333333333334,36,0.1589987173320506,36,0.1152145051018273,36,0.3262125220458554,36,0.1605616127828815,36,5.698411438964926,1.9100977829649135,0.0259366768596448,0.0633567202807163,0.3354967441403643,0.4007840998245691,0.426720776684214,0.6113492105999057
qasper,sentence-transformers/all-MiniLM-L6-v2,semantic,128.0,two_hop,3.0,deepset/tinyroberta-squad2,57,57,0,57,0.1403508771929824,0.1877637182386861,33,195.66666666666663,2.8421052631578947,0.1481481481481481,36,0.3402777777777778,36,0.1986772486772486,36,0.1583994708994709,36,0.1978174603174603,36,0.1666124362202793,36,0.1481481481481481,36,0.3402777777777778,36,0.1986772486772486,36,0.1583994708994709,36,0.1978174603174603,36,0.1666124362202793,36,5.698411438964926,1.9100977829649135,0.061937745105265,0.0044047505614184,0.1552861327017517,0.1607476992982308,0.2226854444034958,0.336619785599896
qasper,sentence-transformers/all-MiniLM-L6-v2,semantic,128.0,two_hop,10.0,deepset/tinyroberta-squad2,57,57,0,57,0.1052631578947368,0.1184846173404525,46,474.05263157894734,7.596491228070175,0.0854497354497354,36,0.5972222222222222,36,0.1459976751643418,36,0.0914908445545016,36,0.3488095238095238,36,0.1409906561817453,36,0.10842151675485,36,0.5694444444444444,36,0.173903719737053,36,0.1085854240435666,36,0.303968253968254,36,0.1516165332333601,36,5.698411438964926,1.9100977829649135,0.0619186009999941,0.0819491095087733,0.3535640277543934,0.4376544311228013,0.4995730321227954,0.7767170316000601
hotpot,sentence-transformers/all-MiniLM-L6-v2,recursive,128.0,single_pass,1.0,deepset/tinyroberta-squad2,100,100,0,100,0.22,0.2856746031746031,31,112.73,1.0,0.87,100,0.435,100,0.58,100,0.4148333333333333,100,0.4081666666666666,100,0.3835,100,0.87,100,0.435,100,0.58,100,0.4148333333333333,100,0.4081666666666666,100,0.3835,100,0.5351476532800075,0.5351476532800075,0.0349802112000088,0.0023945188100037,0.11874199000001,0.121897939889991,0.1568781510899998,0.2466782370499572
hotpot,sentence-transformers/all-MiniLM-L6-v2,recursive,128.0,single_pass,5.0,deepset/tinyroberta-squad2,100,100,0,100,0.29,0.327801854754441,18,450.36,4.93,0.353,100,0.82,100,0.4919999999999999,100,0.1470327543543488,100,0.79,100,0.2441174528908073,100,0.356,100,0.815,100,0.4939047619047618,100,0.1556213955033614,100,0.785,100,0.2556604461593356,100,0.5351476532800075,0.5351476532800075,0.025935830679989,0.0444769363600107,0.3644393656600073,0.4107462159700049,0.4366820466499939,0.6564030793499569
hotpot,sentence-transformers/all-MiniLM-L6-v2,recursive,128.0,two_hop,1.0,deepset/tinyroberta-squad2,100,100,0,100,0.22,0.2856746031746031,31,112.73,1.0,0.87,100,0.435,100,0.58,100,0.4148333333333333,100,0.4081666666666666,100,0.3835,100,0.87,100,0.435,100,0.58,100,0.4148333333333333,100,0.4081666666666666,100,0.3835,100,0.5351476532800075,0.5351476532800075,0.0249889025400079,0.0022771846799992,0.1138866424399975,0.1169035246000044,0.1418924271400123,0.2387125780999667
hotpot,sentence-transformers/all-MiniLM-L6-v2,recursive,128.0,two_hop,5.0,deepset/tinyroberta-squad2,100,100,0,100,0.31,0.3732411182693106,19,458.35,4.94,0.351,100,0.805,100,0.4872380952380952,100,0.1410757887193645,100,0.7841666666666667,100,0.2355185364089254,100,0.3498333333333333,100,0.795,100,0.484095238095238,100,0.1470343518280824,100,0.7691666666666667,100,0.2432676210838413,100,0.5351476532800075,0.5351476532800075,0.0742285425600061,0.0547758512200016,0.3736696056600022,0.4303577925699983,0.5045863351300045,0.7625471182500178
qasper,sentence-transformers/all-MiniLM-L6-v2,recursive,128.0,single_pass,1.0,deepset/tinyroberta-squad2,57,57,0,57,0.0701754385964912,0.1129211918685603,35,76.6140350877193,0.9473684210526316,0.3055555555555556,36,0.2430555555555555,36,0.2611111111111111,36,0.2777777777777778,36,0.1596560846560846,36,0.1888845722179055,36,0.3055555555555556,36,0.2430555555555555,36,0.2611111111111111,36,0.2777777777777778,36,0.1596560846560846,36,0.1888845722179055,36,2.1286509521052817,0.7461367738421055,0.0222738771754337,0.0018444795964968,0.0887483065438485,0.0911626628070168,0.1134365399824506,0.1867474681999738
qasper,sentence-transformers/all-MiniLM-L6-v2,recursive,128.0,single_pass,5.0,deepset/tinyroberta-squad2,57,57,0,57,0.087719298245614,0.1027568922305764,38,368.6315789473685,4.7368421052631575,0.1124999999999999,36,0.4166666666666667,36,0.1705026455026455,36,0.1191311470368488,36,0.2794091710758377,36,0.157889008725352,36,0.1124999999999999,36,0.4166666666666667,36,0.1705026455026455,36,0.1216693495750513,36,0.2794091710758377,36,0.1598039918903352,36,2.1286509521052817,0.7461367738421055,0.0199339263859703,0.0209298496491204,0.2870279820877529,0.3097734549473739,0.3297073813333442,0.5349753528000292
qasper,sentence-transformers/all-MiniLM-L6-v2,recursive,128.0,two_hop,1.0,deepset/tinyroberta-squad2,57,57,0,57,0.0701754385964912,0.1129211918685603,35,76.6140350877193,0.9473684210526316,0.3055555555555556,36,0.2430555555555555,36,0.2611111111111111,36,0.2777777777777778,36,0.1596560846560846,36,0.1888845722179055,36,0.3055555555555556,36,0.2430555555555555,36,0.2611111111111111,36,0.2777777777777778,36,0.1596560846560846,36,0.1888845722179055,36,2.1286509521052817,0.7461367738421055,0.0191392384035121,0.0018828041578823,0.0830180821754375,0.0854622252631479,0.1046014636666601,0.2012061343997628
qasper,sentence-transformers/all-MiniLM-L6-v2,recursive,128.0,two_hop,5.0,deepset/tinyroberta-squad2,57,57,0,57,0.1228070175438596,0.1644328211833932,43,399.6140350877193,4.7368421052631575,0.1138888888888888,36,0.4305555555555556,36,0.1728835978835979,36,0.135104110293262,36,0.3356812169312169,36,0.1830890606009135,36,0.1138888888888888,36,0.4305555555555556,36,0.1728835978835979,36,0.1361884426275943,36,0.327744708994709,36,0.1819031839433812,36,2.1286509521052817,0.7461367738421055,0.0523555452631658,0.0273811563508763,0.3197385642280822,0.3490123466842082,0.401367891947374,0.6269485166001231
hotpot,sentence-transformers/all-MiniLM-L6-v2,recursive,64.0,single_pass,1.0,deepset/tinyroberta-squad2,100,100,0,100,0.17,0.22267460317460316,28,85.26,1.0,0.84,100,0.42,100,0.56,100,0.44,100,0.2833333333333333,100,0.3303809523809524,100,0.84,100,0.42,100,0.56,100,0.44,100,0.2833333333333333,100,0.3303809523809524,100,0.704201546110039,0.704201546110039,0.06225606475999939,0.0024534019000884656,0.13057825601999867,0.13382414079001592,0.19608020555001532,0.33936286695011403
hotpot,sentence-transformers/all-MiniLM-L6-v2,recursive,64.0,single_pass,3.0,deepset/tinyroberta-squad2,100,100,0,100,0.19,0.25061484593837535,36,194.03,3.0,0.4883333333333333,100,0.63,100,0.5423333333333333,100,0.28057539682539684,100,0.4811666666666667,100,0.34342207792207796,100,0.4883333333333333,100,0.63,100,0.5423333333333333,100,0.28057539682539684,100,0.4811666666666667,100,0.34342207792207796,100,0.704201546110039,0.704201546110039,0.0392769948500154,0.004884445600000617,0.22263575949998085,0.2285764623199975,0.2678534571700129,0.37669071185007397
hotpot,sentence-transformers/all-MiniLM-L6-v2,recursive,64.0,single_pass,5.0,deepset/tinyroberta-squad2,100,100,0,100,0.25,0.2995311020960108,36,304.06,5.0,0.3565,100,0.72,100,0.4725238095238095,100,0.2100445942945943,100,0.5628333333333333,100,0.29570609945609944,100,0.3565,100,0.72,100,0.4725238095238095,100,0.2100445942945943,100,0.5628333333333333,100,0.29570609945609944,100,0.704201546110039,0.704201546110039,0.041214307350037414,0.007214728329990976,0.33357384079004987,0.3420881519700288,0.3833024593200662,0.541488069149841
hotpot,sentence-transformers/all-MiniLM-L6-v2,recursive,64.0,single_pass,10.0,deepset/tinyroberta-squad2,100,100,0,100,0.24,0.27563793396146336,18,509.71,9.04,0.2540952380952381,100,0.895,100,0.3941262626262626,100,0.14540505146093044,100,0.7141666666666667,100,0.23415479379805668,100,0.2669722222222222,100,0.88,100,0.40735930735930737,100,0.16086882072176187,100,0.6968333333333334,100,0.25289208452366346,100,0.704201546110039,0.704201546110039,0.04365407032002167,0.06579027967996808,0.5127140252800154,0.5801933317399834,0.6238474020600051,0.80126533499988
hotpot,sentence-transformers/all-MiniLM-L6-v2,recursive,64.0,two_hop,1.0,deepset/tinyroberta-squad2,100,100,0,100,0.17,0.22267460317460316,28,85.26,1.0,0.84,100,0.42,100,0.56,100,0.44,100,0.2833333333333333,100,0.3303809523809524,100,0.84,100,0.42,100,0.56,100,0.44,100,0.2833333333333333,100,0.3303809523809524,100,0.704201546110039,0.704201546110039,0.04153762060997451,0.0019848859000148877,0.11302584028999263,0.11560252447003222,0.15714014508000673,0.27473388974981383
hotpot,sentence-transformers/all-MiniLM-L6-v2,recursive,64.0,two_hop,3.0,deepset/tinyroberta-squad2,100,100,0,100,0.23,0.28039839572192515,36,200.53,3.0,0.52,100,0.655,100,0.57,100,0.2863015873015873,100,0.4811666666666667,100,0.344492784992785,100,0.52,100,0.655,100,0.57,100,0.2863015873015873,100,0.4811666666666667,100,0.344492784992785,100,0.704201546110039,0.704201546110039,0.12408730783997726,0.004349036119970151,0.22066981855005452,0.22596612740998354,0.3500534352499608,0.5757553933503459
hotpot,sentence-transformers/all-MiniLM-L6-v2,recursive,64.0,two_hop,5.0,deepset/tinyroberta-squad2,100,100,0,100,0.25,0.30555243808049537,30,314.62,5.0,0.3988333333333333,100,0.775,100,0.521,100,0.21095959595959596,100,0.5795,100,0.30096570096570097,100,0.3988333333333333,100,0.775,100,0.521,100,0.21095959595959596,100,0.5795,100,0.30096570096570097,100,0.704201546110039,0.704201546110039,0.09857575135999014,0.007298797480025314,0.3183016338199877,0.3269635159899872,0.4255392673499773,0.5685043528001416
hotpot,sentence-transformers/all-MiniLM-L6-v2,recursive,64.0,two_hop,10.0,deepset/tinyroberta-squad2,100,100,0,100,0.25,0.29670286413078734,17,510.89,8.94,0.25024206349206346,100,0.875,100,0.3873073593073593,100,0.132877059000511,100,0.6991666666666667,100,0.21871038995628442,100,0.27117857142857144,100,0.865,100,0.41033982683982684,100,0.15194695255724666,100,0.6775,100,0.24256817434371614,100,0.704201546110039,0.704201546110039,0.0972159095500001,0.06184080136001285,0.5112130110899897,0.574845796020004,0.672061705570004,0.8123524576001045
hotpot,sentence-transformers/all-MiniLM-L6-v2,recursive,256.0,single_pass,1.0,deepset/tinyroberta-squad2,100,100,0,100,0.21,0.2851254856254856,29,127.35,1.0,0.85,100,0.425,100,0.5666666666666667,100,0.3920753968253968,100,0.42483333333333334,100,0.3715880230880231,100,0.85,100,0.425,100,0.5666666666666667,100,0.3920753968253968,100,0.42483333333333334,100,0.3715880230880231,100,0.8029007583299926,0.8029007583299926,0.0482155282900294,0.0018654121699546522,0.11793410596998001,0.12041901961008988,0.16863454790011928,0.29481078615017386
hotpot,sentence-transformers/all-MiniLM-L6-v2,recursive,256.0,single_pass,3.0,deepset/tinyroberta-squad2,100,100,0,100,0.25,0.3023408807172852,32,338.59,3.0,0.44666666666666666,100,0.67,100,0.536,100,0.17843480393015998,100,0.6733333333333333,100,0.27295526162863626,100,0.44666666666666666,100,0.67,100,0.536,100,0.17815151369098736,100,0.6683333333333333,100,0.2722375973699503,100,0.8029007583299926,0.8029007583299926,0.033607639729993935,0.009454853959941828,0.26104046368001943,0.2718899693899857,0.30549760911997964,0.47177785535075145
hotpot,sentence-transformers/all-MiniLM-L6-v2,recursive,256.0,single_pass,5.0,deepset/tinyroberta-squad2,100,100,0,100,0.28,0.3219494382022472,19,475.34,4.61,0.34,100,0.845,100,0.4847619047619047,100,0.12490033870307883,100,0.85,100,0.2133799345178787,100,0.35583333333333333,100,0.815,100,0.49323809523809525,100,0.14083322543917845,100,0.7883333333333333,100,0.23472210348990535,100,0.8029007583299926,0.8029007583299926,0.0364861193599836,0.10023150700995757,0.34569485395005356,0.4473983379099718,0.48388445726995544,0.7089177822501597
hotpot,sentence-transformers/all-MiniLM-L6-v2,recursive,256.0,single_pass,10.0,deepset/tinyroberta-squad2,100,100,0,100,0.27,0.31569943820224716,17,511.99,5.13,0.20158333333333334,100,0.985,100,0.33454545454545453,100,0.06276714606122331,100,0.9866666666666667,100,0.11732301327554592,100,0.3340515873015873,100,0.825,100,0.470566378066378,100,0.12916402217941791,100,0.7983333333333333,100,0.21878708962774113,100,0.8029007583299926,0.8029007583299926,0.03505644835001931,0.14171236455997133,0.3715310636799859,0.5147358172700206,0.5497922656200399,0.7541841725502536
hotpot,sentence-transformers/all-MiniLM-L6-v2,recursive,256.0,two_hop,1.0,deepset/tinyroberta-squad2,100,100,0,100,0.21,0.2851254856254856,29,127.35,1.0,0.85,100,0.425,100,0.5666666666666667,100,0.3920753968253968,100,0.42483333333333334,100,0.3715880230880231,100,0.85,100,0.425,100,0.5666666666666667,100,0.3920753968253968,100,0.42483333333333334,100,0.3715880230880231,100,0.8029007583299926,0.8029007583299926,0.0324574387300072,0.0018031893899751593,0.11526396938004836,0.11767593448999833,0.15013337322000553,0.230482235449881
hotpot,sentence-transformers/all-MiniLM-L6-v2,recursive,256.0,two_hop,3.0,deepset/tinyroberta-squad2,100,100,0,100,0.28,0.3347601461038961,28,345.13,3.0,0.4733333333333333,100,0.71,100,0.5680000000000001,100,0.1804173918187076,100,0.7125,100,0.2800090933281134,100,0.4733333333333333,100,0.71,100,0.5680000000000001,100,0.18281294582610372,100,0.7125,100,0.2834718474679775,100,0.8029007583299926,0.8029007583299926,0.10777883083997494,0.023055749479963198,0.2644383401599771,0.2887404278700433,0.3965192587100182,0.6588654498998037
hotpot,sentence-transformers/all-MiniLM-L6-v2,recursive,256.0,two_hop,5.0,deepset/tinyroberta-squad2,100,100,0,100,0.33,0.38401846543915563,15,482.68,4.52,0.335,100,0.83,100,0.4771428571428571,100,0.11621009612214815,100,0.8275,100,0.19968858334623377,100,0.3561666666666667,100,0.79,100,0.4879047619047619,100,0.13694763947782523,100,0.7875,100,0.22921650099126878,100,0.8029007583299926,0.8029007583299926,0.09270732446001148,0.1027504362399668,0.3600603216199761,0.46429300797002726,0.5570003324300388,0.7908935780001456
hotpot,sentence-transformers/all-MiniLM-L6-v2,recursive,256.0,two_hop,10.0,deepset/tinyroberta-squad2,100,100,0,100,0.32,0.369543793769362,14,511.98,4.95,0.2043293650793651,100,0.99,100,0.3385050505050505,100,0.06262050004698916,100,0.99,100,0.1170796415250608,100,0.3401468253968254,100,0.805,100,0.47204256854256854,100,0.12782854056847864,100,0.8025,100,0.21744496478828151,100,0.8029007583299926,0.8029007583299926,0.09446739857000921,0.1336394385499898,0.37832976495002185,0.5134832501300388,0.6079506487000481,0.7797870034499738
qasper,sentence-transformers/all-MiniLM-L6-v2,recursive,64.0,single_pass,1.0,deepset/tinyroberta-squad2,57,57,0,57,0.03508771929824561,0.07393483709273183,41,53.63157894736842,0.9473684210526315,0.25,36,0.2013888888888889,36,0.21481481481481482,36,0.16666666666666666,36,0.05238095238095238,36,0.07758136924803591,36,0.25,36,0.2013888888888889,36,0.21481481481481482,36,0.16666666666666666,36,0.05238095238095238,36,0.07758136924803591,36,2.8716635089999967,0.9687541097368443,0.041209586824535155,0.0015890536139538693,0.08351192461408605,0.08584683721049882,0.12705642403503398,0.22910506399948638
qasper,sentence-transformers/all-MiniLM-L6-v2,recursive,64.0,single_pass,3.0,deepset/tinyroberta-squad2,57,57,0,57,0.08771929824561403,0.11946532999164577,32,138.0,2.8421052631578947,0.16203703703703703,36,0.375,36,0.2177248677248677,36,0.17824074074074073,36,0.10479497354497354,36,0.12054334554334553,36,0.16203703703703703,36,0.375,36,0.2177248677248677,36,0.17824074074074073,36,0.10479497354497354,36,0.12054334554334553,36,2.8716635089999967,0.9687541097368443,0.03261543594735964,0.0035459715263322436,0.14012893507012786,0.144504779368314,0.17712021531567365,0.25312245000004613
qasper,sentence-transformers/all-MiniLM-L6-v2,recursive,64.0,single_pass,5.0,deepset/tinyroberta-squad2,57,57,0,57,0.10526315789473684,0.15428571428571428,36,230.66666666666666,4.7368421052631575,0.1212962962962963,36,0.4166666666666667,36,0.18245149911816577,36,0.14702380952380953,36,0.13687169312169312,36,0.12861041948685628,36,0.1212962962962963,36,0.4166666666666667,36,0.18245149911816577,36,0.14702380952380953,36,0.13687169312169312,36,0.12861041948685628,36,2.8716635089999967,0.9687541097368443,0.030510731403545946,0.006624579508752504,0.20945956089473297,0.21729019180707965,0.2478009232106256,0.33836755099991933
qasper,sentence-transformers/all-MiniLM-L6-v2,recursive,64.0,single_pass,10.0,deepset/tinyroberta-squad2,57,57,0,57,0.07017543859649122,0.08521303258145363,44,459.50877192982455,9.350877192982455,0.0837742504409171,36,0.5694444444444444,36,0.14288242621575956,36,0.09637199447248466,36,0.2111331569664903,36,0.1257784216994743,36,0.08454585537918871,36,0.5694444444444444,36,0.1441169941169941,36,0.09765161082563042,36,0.20766093474426806,36,0.12578618253282856,36,2.8716635089999967,0.9687541097368443,0.031821183192988156,0.04242086017542565,0.41773310657896345,0.46200006319296544,0.4938212463859536,0.6964700130006348
qasper,sentence-transformers/all-MiniLM-L6-v2,recursive,64.0,two_hop,1.0,deepset/tinyroberta-squad2,57,57,0,57,0.03508771929824561,0.07393483709273183,41,53.63157894736842,0.9473684210526315,0.25,36,0.2013888888888889,36,0.21481481481481482,36,0.16666666666666666,36,0.05238095238095238,36,0.07758136924803591,36,0.25,36,0.2013888888888889,36,0.21481481481481482,36,0.16666666666666666,36,0.05238095238095238,36,0.07758136924803591,36,2.8716635089999967,0.9687541097368443,0.03372653924562703,0.0015111140351189278,0.07616584035089577,0.07814210633331274,0.11186864557893977,0.1981995353998172
qasper,sentence-transformers/all-MiniLM-L6-v2,recursive,64.0,two_hop,3.0,deepset/tinyroberta-squad2,57,57,0,57,0.08771929824561403,0.14092613868649703,37,152.19298245614036,2.8421052631578947,0.17129629629629628,36,0.3333333333333333,36,0.21203703703703702,36,0.21990740740740738,36,0.10579805996472663,36,0.13346290719479126,36,0.17129629629629628,36,0.3333333333333333,36,0.21203703703703702,36,0.21990740740740738,36,0.10579805996472663,36,0.13346290719479126,36,2.8716635089999967,0.9687541097368443,0.09170537017542844,0.0036429736842125606,0.14707929652627572,0.15156770794735502,0.24327307812278345,0.36328019460042893
qasper,sentence-transformers/all-MiniLM-L6-v2,recursive,64.0,two_hop,5.0,deepset/tinyroberta-squad2,57,57,0,57,0.08771929824561403,0.14046327941064785,40,251.71929824561403,4.7368421052631575,0.12407407407407407,36,0.4305555555555556,36,0.18492063492063493,36,0.12947530864197532,36,0.14373897707231043,36,0.1259936333207747,36,0.12407407407407407,36,0.4305555555555556,36,0.18492063492063493,36,0.12947530864197532,36,0.14373897707231043,36,0.1259936333207747,36,2.8716635089999967,0.9687541097368443,0.07591490489469659,0.0062225353859231974,0.22753114171935426,0.23490907149125792,0.3108239763859545,0.4396754033997238
qasper,sentence-transformers/all-MiniLM-L6-v2,recursive,64.0,two_hop,10.0,deepset/tinyroberta-squad2,57,57,0,57,0.07017543859649122,0.07017543859649122,44,468.57894736842104,9.140350877192983,0.09033289241622575,36,0.5902777777777778,36,0.1522787397787398,36,0.10796483835699522,36,0.23457892416225748,36,0.14088350193369373,36,0.0921847442680776,36,0.5902777777777778,36,0.15501042167708834,36,0.1101654518321185,36,0.2283289241622575,36,0.14122905116326168,36,2.8716635089999967,0.9687541097368443,0.07873798307015309,0.0528220323859594,0.4203470015088322,0.4749575128947375,0.5536954959648905,0.7884717243995509
qasper,sentence-transformers/all-MiniLM-L6-v2,recursive,256.0,single_pass,1.0,deepset/tinyroberta-squad2,57,57,0,57,0.05263157894736842,0.09652920179235969,33,92.89473684210526,0.9473684210526315,0.16666666666666666,36,0.11805555555555555,36,0.13148148148148148,36,0.16666666666666666,36,0.11319444444444444,36,0.12626262626262624,36,0.16666666666666666,36,0.11805555555555555,36,0.13148148148148148,36,0.16666666666666666,36,0.11319444444444444,36,0.12626262626262624,36,3.135226963719233,1.065789799228042,0.0313464303859738,0.002298657070225505,0.16755121891227437,0.17079892745609787,0.2021453578420717,0.3712694491995529
qasper,sentence-transformers/all-MiniLM-L6-v2,recursive,256.0,single_pass,3.0,deepset/tinyroberta-squad2,57,57,0,57,0.10526315789473684,0.1530517449480493,43,280.6140350877193,2.8421052631578947,0.1388888888888889,36,0.3333333333333333,36,0.1880952380952381,36,0.15595064049011417,36,0.33541666666666664,36,0.20675267097368547,36,0.1388888888888889,36,0.3333333333333333,36,0.1880952380952381,36,0.1617376775271512,36,0.33541666666666664,36,0.21192260062874096,36,3.135226963719233,1.065789799228042,0.02628777957892325,0.02420701380696412,0.3212950749649169,0.34747430415792907,0.3737620837368523,1.102979120800137
qasper,sentence-transformers/all-MiniLM-L6-v2,recursive,256.0,single_pass,5.0,deepset/tinyroberta-squad2,57,57,0,57,0.10526315789473684,0.13805346700083543,44,426.6842105263158,4.491228070175438,0.1013888888888889,36,0.4027777777777778,36,0.15705467372134038,36,0.12211922178670268,36,0.4083333333333333,36,0.18251143307653178,36,0.11296296296296296,36,0.4027777777777778,36,0.1697089947089947,36,0.13934947395989708,36,0.38364197530864197,36,0.19462476666737039,36,3.135226963719233,1.065789799228042,0.02519663166662723,0.07627247749123374,0.44535148212283576,0.523700674912266,0.5488973065788932,0.9528117668000959
qasper,sentence-transformers/all-MiniLM-L6-v2,recursive,256.0,single_pass,10.0,deepset/tinyroberta-squad2,57,57,0,57,0.10526315789473684,0.13805346700083543,46,485.6140350877193,5.350877192982456,0.06481481481481483,36,0.5277777777777778,36,0.1134078884078884,36,0.07545436902825747,36,0.5298611111111111,36,0.1302344827210178,36,0.10519179894179893,36,0.4305555555555556,36,0.1608906525573192,36,0.12987160764803002,36,0.39058641975308644,36,0.18446589991048684,36,3.135226963719233,1.065789799228042,0.026872282929840015,0.18900657082450747,0.560457897000018,0.7519968968246374,0.7788691797544776,1.130725410400009
qasper,sentence-transformers/all-MiniLM-L6-v2,recursive,256.0,two_hop,1.0,deepset/tinyroberta-squad2,57,57,0,57,0.05263157894736842,0.09652920179235969,33,92.89473684210526,0.9473684210526315,0.16666666666666666,36,0.11805555555555555,36,0.13148148148148148,36,0.16666666666666666,36,0.11319444444444444,36,0.12626262626262624,36,0.16666666666666666,36,0.11805555555555555,36,0.13148148148148148,36,0.16666666666666666,36,0.11319444444444444,36,0.12626262626262624,36,3.135226963719233,1.065789799228042,0.02737806054383646,0.0022293653157344365,0.1353099054737086,0.13832092585964442,0.16569898640348088,0.34714430359963444
qasper,sentence-transformers/all-MiniLM-L6-v2,recursive,256.0,two_hop,3.0,deepset/tinyroberta-squad2,57,57,0,57,0.10526315789473684,0.17359964953032989,45,313.49122807017545,2.824561403508772,0.12037037037037036,36,0.2777777777777778,36,0.1603174603174603,36,0.1377382897603486,36,0.2798611111111111,36,0.1789078965995442,36,0.12037037037037036,36,0.2777777777777778,36,0.1603174603174603,36,0.1404977926843252,36,0.2798611111111111,36,0.18101677805625174,36,3.135226963719233,1.065789799228042,0.08203055285965795,0.02858446226314539,0.3409451063333332,0.37132907584209696,0.4533596287017549,0.8953364859992686
qasper,sentence-transformers/all-MiniLM-L6-v2,recursive,256.0,two_hop,5.0,deepset/tinyroberta-squad2,57,57,0,57,0.12280701754385964,0.16276197740728632,46,438.2105263157895,4.2105263157894735,0.08472222222222223,36,0.3333333333333333,36,0.1305996472663139,36,0.09935400247900247,36,0.33541666666666664,36,0.14767233157622225,36,0.09305555555555556,36,0.3055555555555556,36,0.1332010582010582,36,0.11880363179705283,36,0.30763888888888885,36,0.16233966402109884,36,3.135226963719233,1.065789799228042,0.07574430277194902,0.13475223628065897,0.5616333757193628,0.6987843083333677,0.7745286111053167,1.1160406804002376
qasper,sentence-transformers/all-MiniLM-L6-v2,recursive,256.0,two_hop,10.0,deepset/tinyroberta-squad2,57,57,0,57,0.10526315789473684,0.1301805237732011,49,485.57894736842104,4.912280701754386,0.06759259259259259,36,0.5694444444444444,36,0.11887926887926888,36,0.0839383116796111,36,0.5657407407407408,36,0.14364960907852317,36,0.08675044091710758,36,0.3333333333333333,36,0.1261904761904762,36,0.11000912464728255,36,0.31689814814814815,36,0.15279974622541243,36,3.135226963719233,1.065789799228042,0.0764394869122458,0.2165919472456249,0.5236367118946522,0.7428743653859751,0.819313852298221,1.1859272246006178
hotpot,sentence-transformers/all-MiniLM-L6-v2,semantic,128.0,single_pass,1.0,deepset/tinyroberta-squad2,100,100,0,100,0.16,0.21990692640692638,26,88.42,1.0,0.88,100,0.44,100,0.5866666666666667,100,0.485,100,0.34983333333333333,100,0.3877777777777778,100,0.88,100,0.44,100,0.5866666666666667,100,0.485,100,0.34983333333333333,100,0.3877777777777778,100,2.0490129720800176,2.0490129720800176,0.05386943643999984,0.0021565236499827734,0.12951494128992636,0.13231442808997598,0.18618386452997585,0.3019147428493852
hotpot,sentence-transformers/all-MiniLM-L6-v2,semantic,128.0,single_pass,5.0,deepset/tinyroberta-squad2,100,100,0,100,0.28,0.329849077952718,28,349.32,5.0,0.365,100,0.76,100,0.4893333333333333,100,0.17799617049617047,100,0.6956666666666667,100,0.27849832520420753,100,0.365,100,0.76,100,0.4893333333333333,100,0.1790004995004995,100,0.6956666666666667,100,0.27971050191638425,100,2.0490129720800176,2.0490129720800176,0.040438567399969545,0.011493467689997488,0.3584314997199726,0.3714284211999984,0.41186698859996795,0.6104009949002375
hotpot,sentence-transformers/all-MiniLM-L6-v2,semantic,128.0,two_hop,1.0,deepset/tinyroberta-squad2,100,100,0,100,0.16,0.21990692640692638,26,88.42,1.0,0.88,100,0.44,100,0.5866666666666667,100,0.485,100,0.34983333333333333,100,0.3877777777777778,100,0.88,100,0.44,100,0.5866666666666667,100,0.485,100,0.34983333333333333,100,0.3877777777777778,100,2.0490129720800176,2.0490129720800176,0.04135394123003607,0.002021623710015774,0.11783755244994609,0.12045182808994469,0.16180576931998075,0.2568032241008495
hotpot,sentence-transformers/all-MiniLM-L6-v2,semantic,128.0,two_hop,5.0,deepset/tinyroberta-squad2,100,100,0,100,0.28,0.3298322829131653,28,353.79,5.0,0.3985,100,0.805,100,0.5290476190476191,100,0.18492150904650906,100,0.7340000000000001,100,0.2898640934229169,100,0.3985,100,0.805,100,0.5290476190476191,100,0.184491563991564,100,0.7290000000000001,100,0.28904056401115225,100,2.0490129720800176,2.0490129720800176,0.11288409905003391,0.012216324220007664,0.3650986665900382,0.37902497540997504,0.4919090744600089,0.7569380625498524
qasper,sentence-transformers/all-MiniLM-L6-v2,semantic,128.0,single_pass,1.0,deepset/tinyroberta-squad2,57,57,0,57,0.10526315789473684,0.14940685045948202,40,65.26315789473684,0.9473684210526315,0.25,36,0.20833333333333334,36,0.2222222222222222,36,0.25,36,0.09788359788359788,36,0.13349366682700017,36,0.25,36,0.20833333333333334,36,0.2222222222222222,36,0.25,36,0.09788359788359788,36,0.13349366682700017,36,7.608365961175351,2.66921220403508,0.03734915989480214,0.002398106894792076,0.0936388919298655,0.09651805638594324,0.13386721628074538,0.2438738561993886
qasper,sentence-transformers/all-MiniLM-L6-v2,semantic,128.0,single_pass,5.0,deepset/tinyroberta-squad2,57,57,0,57,0.10526315789473684,0.15023064908648434,39,265.1929824561403,4.7368421052631575,0.12685185185185185,36,0.4444444444444444,36,0.1906084656084656,36,0.1393207872374539,36,0.2589285714285714,36,0.17308569435762416,36,0.12685185185185185,36,0.4444444444444444,36,0.1906084656084656,36,0.1393207872374539,36,0.2589285714285714,36,0.17308569435762416,36,7.608365961175351,2.66921220403508,0.033210800350867715,0.007569267684215319,0.27630201977197494,0.2850391073334322,0.3182499076842999,0.5157692930000848
qasper,sentence-transformers/all-MiniLM-L6-v2,semantic,128.0,two_hop,1.0,deepset/tinyroberta-squad2,57,57,0,57,0.10526315789473684,0.14940685045948202,40,65.26315789473684,0.9473684210526315,0.25,36,0.20833333333333334,36,0.2222222222222222,36,0.25,36,0.09788359788359788,36,0.13349366682700017,36,0.25,36,0.20833333333333334,36,0.2222222222222222,36,0.25,36,0.09788359788359788,36,0.13349366682700017,36,7.608365961175351,2.66921220403508,0.03203426742115162,0.001528456315786012,0.09027156021040769,0.0923096720526589,0.12434393947381052,0.21304505080042868
qasper,sentence-transformers/all-MiniLM-L6-v2,semantic,128.0,two_hop,5.0,deepset/tinyroberta-squad2,57,57,0,57,0.12280701754385964,0.1661036649595002,36,314.9298245614035,4.7368421052631575,0.13842592592592592,36,0.5208333333333334,36,0.21223544973544972,36,0.14820384091217426,36,0.29107142857142854,36,0.18945995354776257,36,0.13842592592592592,36,0.5208333333333334,36,0.21223544973544972,36,0.1457507384590718,36,0.28313492063492063,36,0.1853573023862879,36,7.608365961175351,2.66921220403508,0.08283439556140493,0.009761995070189107,0.3066142988245542,0.317619211473612,0.4004536070350169,0.6465044342001419
hotpot,sentence-transformers/all-MiniLM-L12-v2,recursive,128.0,single_pass,1.0,deepset/tinyroberta-squad2,100,100,0,100,0.22,0.2870079365079365,26,114.14,1.0,0.94,100,0.47,100,0.6266666666666666,100,0.45616666666666666,100,0.4415,100,0.41942857142857143,100,0.94,100,0.47,100,0.6266666666666666,100,0.45616666666666666,100,0.4415,100,0.41942857142857143,100,1.2683594841100512,1.2683594841100512,0.08307667417006996,0.0024088474199561462,0.14503009608998582,0.14850452947007398,0.23158120364014395,0.3309232815508036
hotpot,sentence-transformers/all-MiniLM-L12-v2,recursive,128.0,single_pass,3.0,deepset/tinyroberta-squad2,100,100,0,100,0.31,0.3484966159828277,33,284.63,3.0,0.51,100,0.725,100,0.596,100,0.23538369963369962,100,0.6875,100,0.33873612498612493,100,0.51,100,0.725,100,0.596,100,0.23538369963369962,100,0.6875,100,0.33873612498612493,100,1.2683594841100512,1.2683594841100512,0.07416218401995138,0.005715440329959165,0.3001330216199494,0.30720695707000234,0.3813691410899537,0.7085598482505702
hotpot,sentence-transformers/all-MiniLM-L12-v2,recursive,128.0,single_pass,5.0,deepset/tinyroberta-squad2,100,100,0,100,0.29,0.3491638312607785,20,447.26,4.93,0.34983333333333333,100,0.81,100,0.48733333333333334,100,0.1475096124336769,100,0.775,100,0.24305506769221266,100,0.3493333333333334,100,0.8,100,0.4849523809523809,100,0.15202082862957475,100,0.7575,100,0.24858399801541545,100,1.2683594841100512,1.2683594841100512,0.06412761155002045,0.047135088319992066,0.4357669108299524,0.48498547839998535,0.5491130899500059,0.9801493738503266
hotpot,sentence-transformers/all-MiniLM-L12-v2,recursive,128.0,single_pass,10.0,deepset/tinyroberta-squad2,100,100,0,100,0.29,0.33549999999999996,16,511.95,5.99,0.22638492063492063,100,0.96,100,0.3655252525252525,100,0.0846175477969125,100,0.9266666666666667,100,0.1539586510634744,100,0.31483333333333335,100,0.845,100,0.4547662337662337,100,0.13536938646149171,100,0.7891666666666667,100,0.2274137198333591,100,1.2683594841100512,1.2683594841100512,0.07054420901002231,0.135791957620022,0.45310324419003334,0.5908675941299952,0.6614118031400176,1.2319624197488337
hotpot,sentence-transformers/all-MiniLM-L12-v2,recursive,128.0,two_hop,1.0,deepset/tinyroberta-squad2,100,100,0,100,0.22,0.2870079365079365,26,114.14,1.0,0.94,100,0.47,100,0.6266666666666666,100,0.45616666666666666,100,0.4415,100,0.41942857142857143,100,0.94,100,0.47,100,0.6266666666666666,100,0.45616666666666666,100,0.4415,100,0.41942857142857143,100,1.2683594841100512,1.2683594841100512,0.06854957191995709,0.0021195896600329435,0.14898200134000944,0.15187162523999176,0.22042119715994887,0.5267657362996939
hotpot,sentence-transformers/all-MiniLM-L12-v2,recursive,128.0,two_hop,3.0,deepset/tinyroberta-squad2,100,100,0,100,0.31,0.3662466516154098,29,298.64,3.0,0.5133333333333333,100,0.73,100,0.6,100,0.21833785658785657,100,0.7025,100,0.3258702686202686,100,0.5133333333333333,100,0.73,100,0.6,100,0.21833785658785657,100,0.7025,100,0.3258702686202686,100,1.2683594841100512,1.2683594841100512,0.16628963980000663,0.006377853959993445,0.31538357900996744,0.32355964440996104,0.48984928420996765,0.8564462764008559
hotpot,sentence-transformers/all-MiniLM-L12-v2,recursive,128.0,two_hop,5.0,deepset/tinyroberta-squad2,100,100,0,100,0.32,0.3738694541748703,20,452.86,4.91,0.36516666666666664,100,0.85,100,0.5094285714285715,100,0.15248742038834917,100,0.8191666666666667,100,0.2534617209415971,100,0.3661666666666667,100,0.84,100,0.5084761904761905,100,0.15741721999191038,100,0.8008333333333333,100,0.259571807363603,100,1.2683594841100512,1.2683594841100512,0.16210613899004783,0.04926811822003401,0.41616964677000395,0.4675365303200124,0.6296426693100602,0.943040077850719
hotpot,sentence-transformers/all-MiniLM-L12-v2,recursive,128.0,two_hop,10.0,deepset/tinyroberta-squad2,100,100,0,100,0.3,0.3550005517358458,18,511.96,5.93,0.22868253968253968,100,0.97,100,0.3693030303030303,100,0.08326072715464691,100,0.94,100,0.1518761066795831,100,0.32052777777777774,100,0.86,100,0.46342352092352096,100,0.13959378173426162,100,0.8175,100,0.23551096313910286,100,1.2683594841100512,1.2683594841100512,0.1719996829300362,0.14008516998006598,0.43262853859000644,0.5745821438299299,0.7465818267599661,1.0101557758490798
hotpot,sentence-transformers/all-mpnet-base-v2,recursive,128.0,single_pass,1.0,deepset/tinyroberta-squad2,100,100,0,100,0.22,0.2827857142857143,26,116.34,1.0,0.86,100,0.43,100,0.5733333333333333,100,0.39,100,0.4048333333333333,100,0.3735952380952381,100,0.86,100,0.43,100,0.5733333333333333,100,0.39,100,0.4048333333333333,100,0.3735952380952381,100,3.0400439474499943,3.0400439474499943,0.13397726708999472,0.0021490406999419066,0.1188829319600427,0.12177127330995972,0.2557485403999544,0.42616835180047014
hotpot,sentence-transformers/all-mpnet-base-v2,recursive,128.0,single_pass,3.0,deepset/tinyroberta-squad2,100,100,0,100,0.32,0.3618624256720232,33,283.49,3.0,0.5216666666666666,100,0.745,100,0.611,100,0.23459903984903985,100,0.7066666666666667,100,0.33985123210123214,100,0.5216666666666666,100,0.745,100,0.611,100,0.23459903984903985,100,0.7066666666666667,100,0.33985123210123214,100,3.0400439474499943,3.0400439474499943,0.11108534526000767,0.005482640740019633,0.2440824412200527,0.2509392213799401,0.3620245666399478,0.5602106163000371
hotpot,sentence-transformers/all-mpnet-base-v2,recursive,128.0,single_pass,5.0,deepset/tinyroberta-squad2,100,100,0,100,0.33,0.38700811688311687,23,452.14,4.93,0.35600000000000004,100,0.82,100,0.4944761904761904,100,0.15491013879481372,100,0.7983333333333333,100,0.25404832651457365,100,0.35983333333333334,100,0.82,100,0.498,100,0.15917384447338007,100,0.79,100,0.2593789370169771,100,3.0400439474499943,3.0400439474499943,0.10422068010001567,0.04504032896998069,0.36640731002999016,0.41336044920994935,0.517581129309965,0.7486891386498883
hotpot,sentence-transformers/all-mpnet-base-v2,recursive,128.0,single_pass,10.0,deepset/tinyroberta-squad2,100,100,0,100,0.28,0.3399326306415311,21,511.99,5.92,0.2308849206349206,100,0.97,100,0.3721919191919192,100,0.08675360293918263,100,0.935,100,0.15749495005953235,100,0.3333253968253968,100,0.87,100,0.4772647907647907,100,0.1447994967279023,100,0.83,100,0.24233223653375088,100,3.0400439474499943,3.0400439474499943,0.10430302765002125,0.11716024804997688,0.4061848815299345,0.5250087898000402,0.6293118174500614,0.8965640146507666
hotpot,sentence-transformers/all-mpnet-base-v2,recursive,128.0,two_hop,1.0,deepset/tinyroberta-squad2,100,100,0,100,0.22,0.2827857142857143,26,116.34,1.0,0.86,100,0.43,100,0.5733333333333333,100,0.39,100,0.4048333333333333,100,0.3735952380952381,100,0.86,100,0.43,100,0.5733333333333333,100,0.39,100,0.4048333333333333,100,0.3735952380952381,100,3.0400439474499943,3.0400439474499943,0.10121943520999593,0.002055014520028635,0.12087976807990344,0.12368087280001419,0.22490030801001012,0.37803598295067786
hotpot,sentence-transformers/all-mpnet-base-v2,recursive,128.0,two_hop,3.0,deepset/tinyroberta-squad2,100,100,0,100,0.28,0.3382688957981829,26,296.91,3.0,0.5133333333333333,100,0.735,100,0.602,100,0.21113439338439338,100,0.6958333333333333,100,0.3158865578865579,100,0.5133333333333333,100,0.735,100,0.602,100,0.21113439338439338,100,0.6958333333333333,100,0.3158865578865579,100,3.0400439474499943,3.0400439474499943,0.3841743123599917,0.005817766440059131,0.26589194037000197,0.27320328845993574,0.6573776008199275,1.1154128075507737
hotpot,sentence-transformers/all-mpnet-base-v2,recursive,128.0,two_hop,5.0,deepset/tinyroberta-squad2,100,100,0,100,0.28,0.33841643237436275,18,460.54,4.9,0.36233333333333334,100,0.845,100,0.5059047619047619,100,0.1488177395789625,100,0.8166666666666668,100,0.2471599064513656,100,0.3631666666666667,100,0.83,100,0.5033333333333333,100,0.1541411716508466,100,0.7916666666666667,100,0.25372063255913707,100,3.0400439474499943,3.0400439474499943,0.35886084576995925,0.05341572943998472,0.37851363559992024,0.4338020197099922,0.7926628654799515,1.2751788866998592
hotpot,sentence-transformers/all-mpnet-base-v2,recursive,128.0,two_hop,10.0,deepset/tinyroberta-squad2,100,100,0,100,0.25,0.30569125432660404,15,511.93,5.74,0.23316666666666666,100,0.975,100,0.3754949494949495,100,0.08530452759008003,100,0.9483333333333333,100,0.15537685825571917,100,0.3346349206349206,100,0.86,100,0.4772092352092352,100,0.14119731253438683,100,0.8116666666666668,100,0.23652886949427532,100,3.0400439474499943,3.0400439474499943,0.3442261534400222,0.11405408432000513,0.40399360995998906,0.5197526692099836,0.8639788226500059,1.1926486071010913
qasper,sentence-transformers/all-MiniLM-L12-v2,recursive,128.0,single_pass,1.0,deepset/tinyroberta-squad2,57,57,0,57,0.10526315789473684,0.14917850181008074,36,72.45614035087719,0.9473684210526315,0.2777777777777778,36,0.22916666666666666,36,0.24259259259259258,36,0.25,36,0.15386904761904763,36,0.1762583095916429,36,0.2777777777777778,36,0.22916666666666666,36,0.24259259259259258,36,0.25,36,0.15386904761904763,36,0.1762583095916429,36,4.576533209473701,1.5718801774210558,0.05434720094742436,0.002217409578933209,0.11911426385968457,0.12213576696497815,0.1764829679124025,0.40635045959988864
qasper,sentence-transformers/all-MiniLM-L12-v2,recursive,128.0,single_pass,3.0,deepset/tinyroberta-squad2,57,57,0,57,0.10526315789473684,0.1648997106745562,39,219.80701754385964,2.8421052631578947,0.17592592592592593,36,0.4027777777777778,36,0.23624338624338626,36,0.21124338624338623,36,0.2991622574955908,36,0.2289184318338085,36,0.17592592592592593,36,0.4027777777777778,36,0.23624338624338626,36,0.21124338624338623,36,0.2991622574955908,36,0.2289184318338085,36,4.576533209473701,1.5718801774210558,0.047132531035059766,0.0051712686315129345,0.21984474361403972,0.2262749427543799,0.2734074737894397,0.43903845700060573
qasper,sentence-transformers/all-MiniLM-L12-v2,recursive,128.0,single_pass,5.0,deepset/tinyroberta-squad2,57,57,0,57,0.10526315789473684,0.14263056014018788,38,372.82456140350877,4.7368421052631575,0.12638888888888888,36,0.4861111111111111,36,0.19325396825396826,36,0.141446106121842,36,0.34268077601410935,36,0.18624033273801077,36,0.12638888888888888,36,0.4861111111111111,36,0.19325396825396826,36,0.14300033892607478,36,0.34268077601410935,36,0.18729552754320555,36,4.576533209473701,1.5718801774210558,0.046439169789472975,0.0240479778246178,0.32252695485955263,0.34857785835086824,0.39501702814034123,0.6454974575999581
qasper,sentence-transformers/all-MiniLM-L12-v2,recursive,128.0,single_pass,10.0,deepset/tinyroberta-squad2,57,57,0,57,0.10526315789473684,0.11695906432748539,45,485.05263157894734,6.684210526315789,0.08668430335097002,36,0.6388888888888888,36,0.1496625288291955,36,0.09838168217478563,36,0.4686507936507936,36,0.15688917651815112,36,0.09606481481481481,36,0.5138888888888888,36,0.15659171075837744,36,0.11564188735241365,36,0.34885361552028216,36,0.1602517048169222,36,4.576533209473701,1.5718801774210558,0.044232430842145586,0.11859691010532085,0.3813918134912551,0.5020843322982775,0.5463167631404232,0.7089504303998178
qasper,sentence-transformers/all-MiniLM-L12-v2,recursive,128.0,two_hop,1.0,deepset/tinyroberta-squad2,57,57,0,57,0.10526315789473684,0.14917850181008074,36,72.45614035087719,0.9473684210526315,0.2777777777777778,36,0.22916666666666666,36,0.24259259259259258,36,0.25,36,0.15386904761904763,36,0.1762583095916429,36,0.2777777777777778,36,0.22916666666666666,36,0.24259259259259258,36,0.25,36,0.15386904761904763,36,0.1762583095916429,36,4.576533209473701,1.5718801774210558,0.04421932831573621,0.0018751138070895155,0.08686585835079186,0.08939387094737308,0.1336131992631093,0.2507618428004207
qasper,sentence-transformers/all-MiniLM-L12-v2,recursive,128.0,two_hop,3.0,deepset/tinyroberta-squad2,57,57,0,57,0.10526315789473684,0.14941241993873575,39,239.64912280701753,2.8421052631578947,0.16203703703703703,36,0.3472222222222222,36,0.20462962962962963,36,0.1587822081694631,36,0.26281966490299824,36,0.18333612193906312,36,0.16203703703703703,36,0.3472222222222222,36,0.20462962962962963,36,0.1587822081694631,36,0.26281966490299824,36,0.18333612193906312,36,4.576533209473701,1.5718801774210558,0.12822310285968055,0.005228287192997078,0.2083671216491335,0.2150770231577585,0.3433001260174391,0.47834792799985726
qasper,sentence-transformers/all-MiniLM-L12-v2,recursive,128.0,two_hop,5.0,deepset/tinyroberta-squad2,57,57,0,57,0.10526315789473684,0.15163415785841416,41,392.10526315789474,4.719298245614035,0.13333333333333336,36,0.5277777777777778,36,0.20436507936507936,36,0.1506874593271652,36,0.3623015873015873,36,0.1975819484013552,36,0.13333333333333336,36,0.5277777777777778,36,0.20436507936507936,36,0.14884008738175403,36,0.3484126984126984,36,0.19398223893208053,36,4.576533209473701,1.5718801774210558,0.1246911601053414,0.041868876719267416,0.3143155332456381,0.35823074363155394,0.48292190373689536,0.7739351352003722
qasper,sentence-transformers/all-MiniLM-L12-v2,recursive,128.0,two_hop,10.0,deepset/tinyroberta-squad2,57,57,0,57,0.10526315789473684,0.1351930551015219,48,485.63157894736844,6.192982456140351,0.08112874779541446,36,0.6111111111111112,36,0.14040326956993623,36,0.08969505879169327,36,0.46249999999999997,36,0.14588793577830053,36,0.11362433862433861,36,0.5555555555555556,36,0.1804453262786596,36,0.12676618986926005,36,0.36924603174603177,36,0.17860128345493562,36,4.576533209473701,1.5718801774210558,0.1254387905438674,0.13266439645618097,0.4140180364561035,0.5487372569649571,0.6741760475088245,0.9127994182004837
qasper,sentence-transformers/all-mpnet-base-v2,recursive,128.0,single_pass,1.0,deepset/tinyroberta-squad2,57,57,0,57,0.07017543859649122,0.11276252647121679,34,70.19298245614036,0.9473684210526315,0.19444444444444445,36,0.14583333333333334,36,0.15925925925925927,36,0.19444444444444445,36,0.10228174603174603,36,0.12283950617283951,36,0.19444444444444445,36,0.14583333333333334,36,0.15925925925925927,36,0.19444444444444445,36,0.10228174603174603,36,0.12283950617283951,36,11.653662175263092,4.057239516999974,0.07604790678955428,0.0015975580701642525,0.07788393105260695,0.08002674745612719,0.15607465424568145,0.21305067520024748
qasper,sentence-transformers/all-mpnet-base-v2,recursive,128.0,single_pass,3.0,deepset/tinyroberta-squad2,57,57,0,57,0.07017543859649122,0.11506163783442346,31,197.66666666666666,2.8421052631578947,0.12962962962962962,36,0.2916666666666667,36,0.17142857142857143,36,0.15985449735449736,36,0.20945767195767195,36,0.17005859028885345,36,0.12962962962962962,36,0.2916666666666667,36,0.17142857142857143,36,0.15985449735449736,36,0.20945767195767195,36,0.17005859028885345,36,11.653662175263092,4.057239516999974,0.06970304124560674,0.004365779473661397,0.16840040436845652,0.17388963761401866,0.2435926788596254,0.375678609199349
qasper,sentence-transformers/all-mpnet-base-v2,recursive,128.0,single_pass,5.0,deepset/tinyroberta-squad2,57,57,0,57,0.10526315789473684,0.14960380749854432,42,343.7368421052632,4.7368421052631575,0.09583333333333334,36,0.3472222222222222,36,0.14594356261022928,36,0.11202705473538807,36,0.2626984126984127,36,0.14632096344417428,36,0.09583333333333334,36,0.3472222222222222,36,0.14594356261022928,36,0.11351514997348329,36,0.2626984126984127,36,0.14770122569400174,36,11.653662175263092,4.057239516999974,0.06919167994730838,0.015320026157895515,0.2649421350526545,0.28184383831582016,0.3510355182631285,0.5919283600003835
qasper,sentence-transformers/all-mpnet-base-v2,recursive,128.0,single_pass,10.0,deepset/tinyroberta-squad2,57,57,0,57,0.10526315789473684,0.1486291486291486,48,484.0701754385965,6.9298245614035086,0.0693231922398589,36,0.4722222222222222,36,0.11846163096163097,36,0.08465957010497417,36,0.38046398046398044,36,0.13425786442036186,36,0.0902226631393298,36,0.4305555555555556,36,0.14422599005932338,36,0.11497906405027147,36,0.34206349206349207,36,0.16482835133197452,36,11.653662175263092,4.057239516999974,0.0681879388771529,0.09025903715784105,0.3589347955613496,0.4510201077368708,0.5192080466140236,0.7033031720005966
qasper,sentence-transformers/all-mpnet-base-v2,recursive,128.0,two_hop,1.0,deepset/tinyroberta-squad2,57,57,0,57,0.07017543859649122,0.11276252647121679,34,70.19298245614036,0.9473684210526315,0.19444444444444445,36,0.14583333333333334,36,0.15925925925925927,36,0.19444444444444445,36,0.10228174603174603,36,0.12283950617283951,36,0.19444444444444445,36,0.14583333333333334,36,0.15925925925925927,36,0.19444444444444445,36,0.10228174603174603,36,0.12283950617283951,36,11.653662175263092,4.057239516999974,0.07210830021052204,0.0014407795965062657,0.0693133483507808,0.07126599592988657,0.1433742961404086,0.1994556732001001
qasper,sentence-transformers/all-mpnet-base-v2,recursive,128.0,two_hop,3.0,deepset/tinyroberta-squad2,57,57,0,57,0.12280701754385964,0.16726436687925778,37,226.7719298245614,2.8421052631578947,0.1111111111111111,36,0.2361111111111111,36,0.14365079365079367,36,0.09623110186835676,36,0.1863095238095238,36,0.11893824698012587,36,0.1111111111111111,36,0.2361111111111111,36,0.14365079365079367,36,0.09623110186835676,36,0.1863095238095238,36,0.11893824698012587,36,11.653662175263092,4.057239516999974,0.20885290436838164,0.004540466684231528,0.18548015252620467,0.19120910207024472,0.4000620064386264,0.5817770943991489
qasper,sentence-transformers/all-mpnet-base-v2,recursive,128.0,two_hop,5.0,deepset/tinyroberta-squad2,57,57,0,57,0.12280701754385964,0.15113541429330904,45,390.4035087719298,4.7368421052631575,0.09305555555555556,36,0.3055555555555556,36,0.13584656084656083,36,0.09549608283268414,36,0.271031746031746,36,0.13491721109427057,36,0.09305555555555556,36,0.3055555555555556,36,0.13584656084656083,36,0.0975770757020757,36,0.26964285714285713,36,0.13642492408457602,36,11.653662175263092,4.057239516999974,0.22694436796490136,0.024443123000006988,0.2979735838772014,0.3240468749298312,0.5509912428947326,0.8412771185992823
qasper,sentence-transformers/all-mpnet-base-v2,recursive,128.0,two_hop,10.0,deepset/tinyroberta-squad2,57,57,0,57,0.10526315789473684,0.13359155464418623,50,485.63157894736844,6.298245614035087,0.07706128747795414,36,0.5416666666666666,36,0.1318875568875569,36,0.08773571381483337,36,0.42298280423280427,36,0.14159380056417903,36,0.09829144620811286,36,0.4027777777777778,36,0.14814814814814814,36,0.10692130116472222,36,0.3247023809523809,36,0.15261827179966286,36,11.653662175263092,4.057239516999974,0.2288704191227736,0.11594173145614038,0.3573602910525886,0.47501554833341514,0.7038859674561887,0.9160445341998638
hotpot,sentence-transformers/all-MiniLM-L6-v2,recursive,128.0,single_pass,1.0,deepset/roberta-base-squad2,100,100,0,100,0.21,0.27725613275613276,30,112.73,1.0,0.87,100,0.435,100,0.58,100,0.41483333333333333,100,0.4081666666666666,100,0.3835,100,0.87,100,0.435,100,0.58,100,0.41483333333333333,100,0.4081666666666666,100,0.3835,100,0.5905692983099834,0.5905692983099834,0.038040167130020563,0.002706843089999893,0.2994694773899846,0.3031864880099783,0.3412266551399989,0.5888084345498554
hotpot,sentence-transformers/all-MiniLM-L6-v2,recursive,128.0,single_pass,1.0,google-bert/bert-large-uncased-whole-word-masking-finetuned-squad,100,100,0,100,0.24,0.3073181818181818,64,107.25,1.0,0.87,100,0.435,100,0.58,100,0.41483333333333333,100,0.4081666666666666,100,0.3835,100,0.87,100,0.435,100,0.58,100,0.41483333333333333,100,0.4081666666666666,100,0.3835,100,0.5905692983099834,0.5905692983099834,0.038040167130020563,0.005631269599944062,2.093449698700042,2.1000040816299315,2.138044248759952,2.7899505034498815
hotpot,sentence-transformers/all-MiniLM-L6-v2,recursive,128.0,single_pass,3.0,deepset/roberta-base-squad2,100,100,0,100,0.33,0.40444970668600805,30,281.42,3.0,0.47,100,0.665,100,0.548,100,0.21771447996447996,100,0.64,100,0.31250170091346563,100,0.47,100,0.665,100,0.548,100,0.21771447996447996,100,0.64,100,0.31250170091346563,100,0.5905692983099834,0.5905692983099834,0.027191108879978856,0.005966612999982317,0.6046452840699749,0.6120441238400235,0.6392352327200024,1.1625972801004532
hotpot,sentence-transformers/all-MiniLM-L6-v2,recursive,128.0,single_pass,3.0,google-bert/bert-large-uncased-whole-word-masking-finetuned-squad,100,100,0,100,0.38,0.4330997113997114,53,264.52,3.0,0.47,100,0.665,100,0.548,100,0.21771447996447996,100,0.64,100,0.31250170091346563,100,0.47,100,0.665,100,0.548,100,0.21771447996447996,100,0.64,100,0.31250170091346563,100,0.5905692983099834,0.5905692983099834,0.027191108879978856,0.009141876279954886,3.0627599811599158,3.0733837198099625,3.1005748286899415,4.1477670033508725
hotpot,sentence-transformers/all-MiniLM-L6-v2,recursive,128.0,single_pass,5.0,deepset/roberta-base-squad2,100,100,0,100,0.34,0.40020443344073486,24,450.36,4.93,0.35300000000000004,100,0.82,100,0.49199999999999994,100,0.1470327543543488,100,0.79,100,0.2441174528908073,100,0.35600000000000004,100,0.815,100,0.49390476190476185,100,0.15562139550336146,100,0.785,100,0.25566044615933564,100,0.5905692983099834,0.5905692983099834,0.02717488127001161,0.043286241769928895,0.8497157546799553,0.8949857133700789,0.9221605946400905,1.3207535385502067
hotpot,sentence-transformers/all-MiniLM-L6-v2,recursive,128.0,single_pass,5.0,google-bert/bert-large-uncased-whole-word-masking-finetuned-squad,100,100,0,100,0.43,0.4827663956590251,46,430.93,4.96,0.35300000000000004,100,0.82,100,0.49199999999999994,100,0.1470327543543488,100,0.79,100,0.2441174528908073,100,0.3565,100,0.82,100,0.4953333333333333,100,0.1513838991246112,100,0.785,100,0.2499267850835693,100,0.5905692983099834,0.5905692983099834,0.02717488127001161,0.03900964691992158,4.019648561159929,4.060964955320105,4.088139836590117,5.046082237848623
hotpot,sentence-transformers/all-MiniLM-L6-v2,recursive,128.0,single_pass,10.0,deepset/roberta-base-squad2,100,100,0,100,0.35,0.4071829909456081,24,511.96,5.95,0.22043253968253967,100,0.94,100,0.35641414141414146,100,0.08173412021724279,100,0.9116666666666667,100,0.14904239767472074,100,0.3221944444444444,100,0.855,100,0.46424891774891774,100,0.14017998053717867,100,0.81,100,0.23524828999465558,100,0.5905692983099834,0.5905692983099834,0.026785820419981975,0.11960464896012127,0.9580239818900008,1.079552015559966,1.106337835979948,1.8604107890996144
hotpot,sentence-transformers/all-MiniLM-L6-v2,recursive,128.0,single_pass,10.0,google-bert/bert-large-uncased-whole-word-masking-finetuned-squad,100,100,0,100,0.48,0.544229941304556,51,512.0,6.3,0.22043253968253967,100,0.94,100,0.35641414141414146,100,0.08173412021724279,100,0.9116666666666667,100,0.14904239767472074,100,0.313515873015873,100,0.875,100,0.45786796536796537,100,0.13258374004736234,100,0.825,100,0.22528379419845299,100,0.5905692983099834,0.5905692983099834,0.026785820419981975,0.14089288582997142,4.463265257839994,4.606339396920057,4.633125217340039,5.841341898549535
qasper,sentence-transformers/all-MiniLM-L6-v2,recursive,128.0,single_pass,1.0,deepset/roberta-base-squad2,57,57,0,57,0.05263157894736842,0.09972675976781986,21,76.6140350877193,0.9473684210526315,0.3055555555555556,36,0.24305555555555555,36,0.2611111111111111,36,0.2777777777777778,36,0.15965608465608466,36,0.18888457221790556,36,0.3055555555555556,36,0.24305555555555555,36,0.2611111111111111,36,0.2777777777777778,36,0.15965608465608466,36,0.18888457221790556,36,2.459635417912148,0.8295812391754162,0.02793344742101972,0.0017801494210576301,0.20782063321058286,0.2104380476315176,0.23837149505253732,0.4496593748001022
qasper,sentence-transformers/all-MiniLM-L6-v2,recursive,128.0,single_pass,1.0,google-bert/bert-large-uncased-whole-word-masking-finetuned-squad,57,57,0,57,0.03508771929824561,0.10172477618405554,16,78.57894736842105,0.9473684210526315,0.3055555555555556,36,0.24305555555555555,36,0.2611111111111111,36,0.2777777777777778,36,0.15965608465608466,36,0.18888457221790556,36,0.3055555555555556,36,0.24305555555555555,36,0.2611111111111111,36,0.2777777777777778,36,0.15965608465608466,36,0.18888457221790556,36,2.459635417912148,0.8295812391754162,0.02793344742101972,0.005133038596556473,2.000838490579011,2.0066971291402806,2.0346305765613004,2.9882499398006983
qasper,sentence-transformers/all-MiniLM-L6-v2,recursive,128.0,single_pass,3.0,deepset/roberta-base-squad2,57,57,0,57,0.10526315789473684,0.1517651771803538,24,218.50877192982455,2.8421052631578947,0.1388888888888889,36,0.3541666666666667,36,0.19404761904761905,36,0.1663690476190476,36,0.25533509700176366,36,0.1901694574488692,36,0.1388888888888889,36,0.3541666666666667,36,0.19404761904761905,36,0.1663690476190476,36,0.25533509700176366,36,0.1901694574488692,36,2.459635417912148,0.8295812391754162,0.023500712719332864,0.005104716052588437,0.4331906757193122,0.43983632173680426,0.4633370344561371,0.7780681399995953
qasper,sentence-transformers/all-MiniLM-L6-v2,recursive,128.0,single_pass,3.0,google-bert/bert-large-uncased-whole-word-masking-finetuned-squad,57,57,0,57,0.07017543859649122,0.14810605068251378,10,220.78947368421052,2.8421052631578947,0.1388888888888889,36,0.3541666666666667,36,0.19404761904761905,36,0.1663690476190476,36,0.25533509700176366,36,0.1901694574488692,36,0.1388888888888889,36,0.3541666666666667,36,0.19404761904761905,36,0.1663690476190476,36,0.25533509700176366,36,0.1901694574488692,36,2.459635417912148,0.8295812391754162,0.023500712719332864,0.008233804649040522,3.007632537736834,3.0171555001578096,3.0406562128771424,4.645673511200401
qasper,sentence-transformers/all-MiniLM-L6-v2,recursive,128.0,single_pass,5.0,deepset/roberta-base-squad2,57,57,0,57,0.08771929824561403,0.13319498316722292,23,368.63157894736844,4.7368421052631575,0.11249999999999999,36,0.4166666666666667,36,0.1705026455026455,36,0.1191311470368488,36,0.27940917107583774,36,0.15788900872535205,36,0.11249999999999999,36,0.4166666666666667,36,0.1705026455026455,36,0.12166934957505132,36,0.27940917107583774,36,0.1598039918903352,36,2.459635417912148,0.8295812391754162,0.02487278152634724,0.02140245880694062,0.6518654869298285,0.6749273851228121,0.6998001666491594,1.1316955701993718
qasper,sentence-transformers/all-MiniLM-L6-v2,recursive,128.0,single_pass,5.0,google-bert/bert-large-uncased-whole-word-masking-finetuned-squad,57,57,0,57,0.07017543859649122,0.168976980536173,11,370.96491228070175,4.701754385964913,0.11249999999999999,36,0.4166666666666667,36,0.1705026455026455,36,0.1191311470368488,36,0.27940917107583774,36,0.15788900872535205,36,0.11249999999999999,36,0.4166666666666667,36,0.1705026455026455,36,0.12282675698245875,36,0.27940917107583774,36,0.16049843633477964,36,2.459635417912148,0.8295812391754162,0.02487278152634724,0.021309649157748873,3.8171534433508656,3.840476319491165,3.8653491010175123,5.2738577109998
qasper,sentence-transformers/all-MiniLM-L6-v2,recursive,128.0,single_pass,10.0,deepset/roberta-base-squad2,57,57,0,57,0.08771929824561403,0.1279968025304458,24,484.0175438596491,6.754385964912281,0.07765652557319223,36,0.5833333333333334,36,0.13439878023211357,36,0.08961984227579371,36,0.4266534391534391,36,0.1432509910826257,36,0.09781746031746032,36,0.4861111111111111,36,0.1562169312169312,36,0.11378268393877268,36,0.3148258377425044,36,0.15740912670260496,36,2.459635417912148,0.8295812391754162,0.023985477666652162,0.13842197822809235,0.8557987551928722,0.9961120558419887,1.0200975335086409,1.519483614200362
qasper,sentence-transformers/all-MiniLM-L6-v2,recursive,128.0,single_pass,10.0,google-bert/bert-large-uncased-whole-word-masking-finetuned-squad,57,57,0,57,0.07017543859649122,0.1549165353494822,10,483.5263157894737,6.649122807017544,0.07765652557319223,36,0.5833333333333334,36,0.13439878023211357,36,0.08961984227579371,36,0.4266534391534391,36,0.1432509910826257,36,0.09781746031746032,36,0.4861111111111111,36,0.1562169312169312,36,0.11365862678104681,36,0.3113536155202822,36,0.15639883995147152,36,2.459635417912148,0.8295812391754162,0.023985477666652162,0.16577836331574267,4.751264473824561,4.919354551087708,4.94334002875436,6.787515762600558
